,Articulo,Precios,Altura de Imagen
0,"Tablet Lenovo Tab M10 HD 2nd Gen TB-X306F 10.1"" 32GB platinum gray y 2GB de memoria RAM",379,"[[...], [...], [...], [...], [...], [...], [...], [...], [...], [...], [...], [...], [...], [...], [...], [...], [...], [...], [...], [...], [...], [...], [...], [...], [...], [...], [...], [...], [...], [...], [...], [...], [...], [...], [...], [...], [...], [...], [...], [...], [...], [...], [...], [...], [...], [...], [...], [...], [...], [...], [...], [...], [...]]"
1,"Tablet Lenovo Tab M10 HD 2nd Gen TB-X306F 10.1"" 32GB platinum gray y 2GB de memoria RAM",379,"[[...], [...], [...], [...], [...], [...], [...], [...], [...], [...], [...], [...], [...], [...], [...], [...], [...], [...], [...], [...], [...], [...], [...], [...], [...], [...], [...], [...], [...], [...], [...], [...], [...], [...], [...], [...], [...], [...], [...], [...], [...], [...], [...], [...], [...], [...], [...], [...], [...], [...], [...], [...], [...]]"
2,"Tablet Lenovo Tab M10 HD 2nd Gen TB-X306F 10.1"" 32GB platinum gray y 2GB de memoria RAM",379,"[[...], [...], [...], [...], [...], [...], [...], [...], [...], [...], [...], [...], [...], [...], [...], [...], [...], [...], [...], [...], [...], [...], [...], [...], [...], [...], [...], [...], [...], [...], [...], [...], [...], [...], [...], [...], [...], [...], [...], [...], [...], [...], [...], [...], [...], [...], [...], [...], [...], [...], [...], [...], [...]]"
3,"Tablet Lenovo Tab M10 HD 2nd Gen TB-X306F 10.1"" 32GB platinum gray y 2GB de memoria RAM",379,"[[...], [...], [...], [...], [...], [...], [...], [...], [...], [...], [...], [...], [...], [...], [...], [...], [...], [...], [...], [...], [...], [...], [...], [...], [...], [...], [...], [...], [...], [...], [...], [...], [...], [...], [...], [...], [...], [...], [...], [...], [...], [...], [...], [...], [...], [...], [...], [...], [...], [...], [...], [...], [...]]"
4,"Tablet Lenovo Tab M10 HD 2nd Gen TB-X306F 10.1"" 32GB platinum gray y 2GB de memoria RAM",379,"[[...], [...], [...], [...], [...], [...], [...], [...], [...], [...], [...], [...], [...], [...], [...], [...], [...], [...], [...], [...], [...], [...], [...], [...], [...], [...], [...], [...], [...], [...], [...], [...], [...], [...], [...], [...], [...], [...], [...], [...], [...], [...], [...], [...], [...], [...], [...], [...], [...], [...], [...], [...], [...]]"
5,"Tablet Lenovo Tab M10 HD 2nd Gen TB-X306F 10.1"" 32GB platinum gray y 2GB de memoria RAM",379,"[[...], [...], [...], [...], [...], [...], [...], [...], [...], [...], [...], [...], [...], [...], [...], [...], [...], [...], [...], [...], [...], [...], [...], [...], [...], [...], [...], [...], [...], [...], [...], [...], [...], [...], [...], [...], [...], [...], [...], [...], [...], [...], [...], [...], [...], [...], [...], [...], [...], [...], [...], [...], [...]]"
6,"Tablet Lenovo Tab M10 HD 2nd Gen TB-X306F 10.1"" 32GB platinum gray y 2GB de memoria RAM",379,"[[...], [...], [...], [...], [...], [...], [...], [...], [...], [...], [...], [...], [...], [...], [...], [...], [...], [...], [...], [...], [...], [...], [...], [...], [...], [...], [...], [...], [...], [...], [...], [...], [...], [...], [...], [...], [...], [...], [...], [...], [...], [...], [...], [...], [...], [...], [...], [...], [...], [...], [...], [...], [...]]"
7,"Tablet Lenovo Tab M10 HD 2nd Gen TB-X306F 10.1"" 32GB platinum gray y 2GB de memoria RAM",379,"[[...], [...], [...], [...], [...], [...], [...], [...], [...], [...], [...], [...], [...], [...], [...], [...], [...], [...], [...], [...], [...], [...], [...], [...], [...], [...], [...], [...], [...], [...], [...], [...], [...], [...], [...], [...], [...], [...], [...], [...], [...], [...], [...], [...], [...], [...], [...], [...], [...], [...], [...], [...], [...]]"
8,"Tablet Lenovo Tab M10 HD 2nd Gen TB-X306F 10.1"" 32GB platinum gray y 2GB de memoria RAM",379,"[[...], [...], [...], [...], [...], [...], [...], [...], [...], [...], [...], [...], [...], [...], [...], [...], [...], [...], [...], [...], [...], [...], [...], [...], [...], [...], [...], [...], [...], [...], [...], [...], [...], [...], [...], [...], [...], [...], [...], [...], [...], [...], [...], [...], [...], [...], [...], [...], [...], [...], [...], [...], [...]]"
9,"Tablet Lenovo Tab M10 HD 2nd Gen TB-X306F 10.1"" 32GB platinum gray y 2GB de memoria RAM",379,"[[...], [...], [...], [...], [...], [...], [...], [...], [...], [...], [...], [...], [...], [...], [...], [...], [...], [...], [...], [...], [...], [...], [...], [...], [...], [...], [...], [...], [...], [...], [...], [...], [...], [...], [...], [...], [...], [...], [...], [...], [...], [...], [...], [...], [...], [...], [...], [...], [...], [...], [...], [...], [...]]"
10,"Tablet Lenovo Tab M10 HD 2nd Gen TB-X306F 10.1"" 32GB platinum gray y 2GB de memoria RAM",379,"[[...], [...], [...], [...], [...], [...], [...], [...], [...], [...], [...], [...], [...], [...], [...], [...], [...], [...], [...], [...], [...], [...], [...], [...], [...], [...], [...], [...], [...], [...], [...], [...], [...], [...], [...], [...], [...], [...], [...], [...], [...], [...], [...], [...], [...], [...], [...], [...], [...], [...], [...], [...], [...]]"
11,"Tablet Lenovo Tab M10 HD 2nd Gen TB-X306F 10.1"" 32GB platinum gray y 2GB de memoria RAM",379,"[[...], [...], [...], [...], [...], [...], [...], [...], [...], [...], [...], [...], [...], [...], [...], [...], [...], [...], [...], [...], [...], [...], [...], [...], [...], [...], [...], [...], [...], [...], [...], [...], [...], [...], [...], [...], [...], [...], [...], [...], [...], [...], [...], [...], [...], [...], [...], [...], [...], [...], [...], [...], [...]]"
12,"Tablet Lenovo Tab M10 HD 2nd Gen TB-X306F 10.1"" 32GB platinum gray y 2GB de memoria RAM",379,"[[...], [...], [...], [...], [...], [...], [...], [...], [...], [...], [...], [...], [...], [...], [...], [...], [...], [...], [...], [...], [...], [...], [...], [...], [...], [...], [...], [...], [...], [...], [...], [...], [...], [...], [...], [...], [...], [...], [...], [...], [...], [...], [...], [...], [...], [...], [...], [...], [...], [...], [...], [...], [...]]"
13,"Tablet Lenovo Tab M10 HD 2nd Gen TB-X306F 10.1"" 32GB platinum gray y 2GB de memoria RAM",379,"[[...], [...], [...], [...], [...], [...], [...], [...], [...], [...], [...], [...], [...], [...], [...], [...], [...], [...], [...], [...], [...], [...], [...], [...], [...], [...], [...], [...], [...], [...], [...], [...], [...], [...], [...], [...], [...], [...], [...], [...], [...], [...], [...], [...], [...], [...], [...], [...], [...], [...], [...], [...], [...]]"
14,"Tablet Lenovo Tab M10 HD 2nd Gen TB-X306F 10.1"" 32GB platinum gray y 2GB de memoria RAM",379,"[[...], [...], [...], [...], [...], [...], [...], [...], [...], [...], [...], [...], [...], [...], [...], [...], [...], [...], [...], [...], [...], [...], [...], [...], [...], [...], [...], [...], [...], [...], [...], [...], [...], [...], [...], [...], [...], [...], [...], [...], [...], [...], [...], [...], [...], [...], [...], [...], [...], [...], [...], [...], [...]]"
15,"Tablet Lenovo Tab M10 HD 2nd Gen TB-X306F 10.1"" 32GB platinum gray y 2GB de memoria RAM",379,"[[...], [...], [...], [...], [...], [...], [...], [...], [...], [...], [...], [...], [...], [...], [...], [...], [...], [...], [...], [...], [...], [...], [...], [...], [...], [...], [...], [...], [...], [...], [...], [...], [...], [...], [...], [...], [...], [...], [...], [...], [...], [...], [...], [...], [...], [...], [...], [...], [...], [...], [...], [...], [...]]"
16,"Tablet Lenovo Tab M10 HD 2nd Gen TB-X306F 10.1"" 32GB platinum gray y 2GB de memoria RAM",379,"[[...], [...], [...], [...], [...], [...], [...], [...], [...], [...], [...], [...], [...], [...], [...], [...], [...], [...], [...], [...], [...], [...], [...], [...], [...], [...], [...], [...], [...], [...], [...], [...], [...], [...], [...], [...], [...], [...], [...], [...], [...], [...], [...], [...], [...], [...], [...], [...], [...], [...], [...], [...], [...]]"
17,"Tablet Lenovo Tab M10 HD 2nd Gen TB-X306F 10.1"" 32GB platinum gray y 2GB de memoria RAM",379,"[[...], [...], [...], [...], [...], [...], [...], [...], [...], [...], [...], [...], [...], [...], [...], [...], [...], [...], [...], [...], [...], [...], [...], [...], [...], [...], [...], [...], [...], [...], [...], [...], [...], [...], [...], [...], [...], [...], [...], [...], [...], [...], [...], [...], [...], [...], [...], [...], [...], [...], [...], [...], [...]]"
18,"Tablet Lenovo Tab M10 HD 2nd Gen TB-X306F 10.1"" 32GB platinum gray y 2GB de memoria RAM",379,"[[...], [...], [...], [...], [...], [...], [...], [...], [...], [...], [...], [...], [...], [...], [...], [...], [...], [...], [...], [...], [...], [...], [...], [...], [...], [...], [...], [...], [...], [...], [...], [...], [...], [...], [...], [...], [...], [...], [...], [...], [...], [...], [...], [...], [...], [...], [...], [...], [...], [...], [...], [...], [...]]"
19,"Tablet Lenovo Tab M10 HD 2nd Gen TB-X306F 10.1"" 32GB platinum gray y 2GB de memoria RAM",379,"[[...], [...], [...], [...], [...], [...], [...], [...], [...], [...], [...], [...], [...], [...], [...], [...], [...], [...], [...], [...], [...], [...], [...], [...], [...], [...], [...], [...], [...], [...], [...], [...], [...], [...], [...], [...], [...], [...], [...], [...], [...], [...], [...], [...], [...], [...], [...], [...], [...], [...], [...], [...], [...]]"
20,"Tablet Lenovo Tab M10 HD 2nd Gen TB-X306F 10.1"" 32GB platinum gray y 2GB de memoria RAM",379,"[[...], [...], [...], [...], [...], [...], [...], [...], [...], [...], [...], [...], [...], [...], [...], [...], [...], [...], [...], [...], [...], [...], [...], [...], [...], [...], [...], [...], [...], [...], [...], [...], [...], [...], [...], [...], [...], [...], [...], [...], [...], [...], [...], [...], [...], [...], [...], [...], [...], [...], [...], [...], [...]]"
21,"Tablet Lenovo Tab M10 HD 2nd Gen TB-X306F 10.1"" 32GB platinum gray y 2GB de memoria RAM",379,"[[...], [...], [...], [...], [...], [...], [...], [...], [...], [...], [...], [...], [...], [...], [...], [...], [...], [...], [...], [...], [...], [...], [...], [...], [...], [...], [...], [...], [...], [...], [...], [...], [...], [...], [...], [...], [...], [...], [...], [...], [...], [...], [...], [...], [...], [...], [...], [...], [...], [...], [...], [...], [...]]"
22,"Tablet Lenovo Tab M10 HD 2nd Gen TB-X306F 10.1"" 32GB platinum gray y 2GB de memoria RAM",379,"[[...], [...], [...], [...], [...], [...], [...], [...], [...], [...], [...], [...], [...], [...], [...], [...], [...], [...], [...], [...], [...], [...], [...], [...], [...], [...], [...], [...], [...], [...], [...], [...], [...], [...], [...], [...], [...], [...], [...], [...], [...], [...], [...], [...], [...], [...], [...], [...], [...], [...], [...], [...], [...]]"
23,"Tablet Lenovo Tab M10 HD 2nd Gen TB-X306F 10.1"" 32GB platinum gray y 2GB de memoria RAM",379,"[[...], [...], [...], [...], [...], [...], [...], [...], [...], [...], [...], [...], [...], [...], [...], [...], [...], [...], [...], [...], [...], [...], [...], [...], [...], [...], [...], [...], [...], [...], [...], [...], [...], [...], [...], [...], [...], [...], [...], [...], [...], [...], [...], [...], [...], [...], [...], [...], [...], [...], [...], [...], [...]]"
24,"Tablet Lenovo Tab M10 HD 2nd Gen TB-X306F 10.1"" 32GB platinum gray y 2GB de memoria RAM",379,"[[...], [...], [...], [...], [...], [...], [...], [...], [...], [...], [...], [...], [...], [...], [...], [...], [...], [...], [...], [...], [...], [...], [...], [...], [...], [...], [...], [...], [...], [...], [...], [...], [...], [...], [...], [...], [...], [...], [...], [...], [...], [...], [...], [...], [...], [...], [...], [...], [...], [...], [...], [...], [...]]"
25,"Tablet Lenovo Tab M10 HD 2nd Gen TB-X306F 10.1"" 32GB platinum gray y 2GB de memoria RAM",379,"[[...], [...], [...], [...], [...], [...], [...], [...], [...], [...], [...], [...], [...], [...], [...], [...], [...], [...], [...], [...], [...], [...], [...], [...], [...], [...], [...], [...], [...], [...], [...], [...], [...], [...], [...], [...], [...], [...], [...], [...], [...], [...], [...], [...], [...], [...], [...], [...], [...], [...], [...], [...], [...]]"
26,"Tablet Lenovo Tab M10 HD 2nd Gen TB-X306F 10.1"" 32GB platinum gray y 2GB de memoria RAM",379,"[[...], [...], [...], [...], [...], [...], [...], [...], [...], [...], [...], [...], [...], [...], [...], [...], [...], [...], [...], [...], [...], [...], [...], [...], [...], [...], [...], [...], [...], [...], [...], [...], [...], [...], [...], [...], [...], [...], [...], [...], [...], [...], [...], [...], [...], [...], [...], [...], [...], [...], [...], [...], [...]]"
27,"Tablet Lenovo Tab M10 HD 2nd Gen TB-X306F 10.1"" 32GB platinum gray y 2GB de memoria RAM",379,"[[...], [...], [...], [...], [...], [...], [...], [...], [...], [...], [...], [...], [...], [...], [...], [...], [...], [...], [...], [...], [...], [...], [...], [...], [...], [...], [...], [...], [...], [...], [...], [...], [...], [...], [...], [...], [...], [...], [...], [...], [...], [...], [...], [...], [...], [...], [...], [...], [...], [...], [...], [...], [...]]"
28,"Tablet Lenovo Tab M10 HD 2nd Gen TB-X306F 10.1"" 32GB platinum gray y 2GB de memoria RAM",379,"[[...], [...], [...], [...], [...], [...], [...], [...], [...], [...], [...], [...], [...], [...], [...], [...], [...], [...], [...], [...], [...], [...], [...], [...], [...], [...], [...], [...], [...], [...], [...], [...], [...], [...], [...], [...], [...], [...], [...], [...], [...], [...], [...], [...], [...], [...], [...], [...], [...], [...], [...], [...], [...]]"
29,"Tablet Lenovo Tab M10 HD 2nd Gen TB-X306F 10.1"" 32GB platinum gray y 2GB de memoria RAM",379,"[[...], [...], [...], [...], [...], [...], [...], [...], [...], [...], [...], [...], [...], [...], [...], [...], [...], [...], [...], [...], [...], [...], [...], [...], [...], [...], [...], [...], [...], [...], [...], [...], [...], [...], [...], [...], [...], [...], [...], [...], [...], [...], [...], [...], [...], [...], [...], [...], [...], [...], [...], [...], [...]]"
30,"Tablet Lenovo Tab M10 HD 2nd Gen TB-X306F 10.1"" 32GB platinum gray y 2GB de memoria RAM",379,"[[...], [...], [...], [...], [...], [...], [...], [...], [...], [...], [...], [...], [...], [...], [...], [...], [...], [...], [...], [...], [...], [...], [...], [...], [...], [...], [...], [...], [...], [...], [...], [...], [...], [...], [...], [...], [...], [...], [...], [...], [...], [...], [...], [...], [...], [...], [...], [...], [...], [...], [...], [...], [...]]"
31,"Tablet Lenovo Tab M10 HD 2nd Gen TB-X306F 10.1"" 32GB platinum gray y 2GB de memoria RAM",379,"[[...], [...], [...], [...], [...], [...], [...], [...], [...], [...], [...], [...], [...], [...], [...], [...], [...], [...], [...], [...], [...], [...], [...], [...], [...], [...], [...], [...], [...], [...], [...], [...], [...], [...], [...], [...], [...], [...], [...], [...], [...], [...], [...], [...], [...], [...], [...], [...], [...], [...], [...], [...], [...]]"
32,"Tablet Lenovo Tab M10 HD 2nd Gen TB-X306F 10.1"" 32GB platinum gray y 2GB de memoria RAM",379,"[[...], [...], [...], [...], [...], [...], [...], [...], [...], [...], [...], [...], [...], [...], [...], [...], [...], [...], [...], [...], [...], [...], [...], [...], [...], [...], [...], [...], [...], [...], [...], [...], [...], [...], [...], [...], [...], [...], [...], [...], [...], [...], [...], [...], [...], [...], [...], [...], [...], [...], [...], [...], [...]]"
33,"Tablet Lenovo Tab M10 HD 2nd Gen TB-X306F 10.1"" 32GB platinum gray y 2GB de memoria RAM",379,"[[...], [...], [...], [...], [...], [...], [...], [...], [...], [...], [...], [...], [...], [...], [...], [...], [...], [...], [...], [...], [...], [...], [...], [...], [...], [...], [...], [...], [...], [...], [...], [...], [...], [...], [...], [...], [...], [...], [...], [...], [...], [...], [...], [...], [...], [...], [...], [...], [...], [...], [...], [...], [...]]"
34,"Tablet Lenovo Tab M10 HD 2nd Gen TB-X306F 10.1"" 32GB platinum gray y 2GB de memoria RAM",379,"[[...], [...], [...], [...], [...], [...], [...], [...], [...], [...], [...], [...], [...], [...], [...], [...], [...], [...], [...], [...], [...], [...], [...], [...], [...], [...], [...], [...], [...], [...], [...], [...], [...], [...], [...], [...], [...], [...], [...], [...], [...], [...], [...], [...], [...], [...], [...], [...], [...], [...], [...], [...], [...]]"
35,"Tablet Lenovo Tab M10 HD 2nd Gen TB-X306F 10.1"" 32GB platinum gray y 2GB de memoria RAM",379,"[[...], [...], [...], [...], [...], [...], [...], [...], [...], [...], [...], [...], [...], [...], [...], [...], [...], [...], [...], [...], [...], [...], [...], [...], [...], [...], [...], [...], [...], [...], [...], [...], [...], [...], [...], [...], [...], [...], [...], [...], [...], [...], [...], [...], [...], [...], [...], [...], [...], [...], [...], [...], [...]]"
36,"Tablet Lenovo Tab M10 HD 2nd Gen TB-X306F 10.1"" 32GB platinum gray y 2GB de memoria RAM",379,"[[...], [...], [...], [...], [...], [...], [...], [...], [...], [...], [...], [...], [...], [...], [...], [...], [...], [...], [...], [...], [...], [...], [...], [...], [...], [...], [...], [...], [...], [...], [...], [...], [...], [...], [...], [...], [...], [...], [...], [...], [...], [...], [...], [...], [...], [...], [...], [...], [...], [...], [...], [...], [...]]"
37,"Tablet Lenovo Tab M10 HD 2nd Gen TB-X306F 10.1"" 32GB platinum gray y 2GB de memoria RAM",379,"[[...], [...], [...], [...], [...], [...], [...], [...], [...], [...], [...], [...], [...], [...], [...], [...], [...], [...], [...], [...], [...], [...], [...], [...], [...], [...], [...], [...], [...], [...], [...], [...], [...], [...], [...], [...], [...], [...], [...], [...], [...], [...], [...], [...], [...], [...], [...], [...], [...], [...], [...], [...], [...]]"
38,"Tablet Lenovo Tab M10 HD 2nd Gen TB-X306F 10.1"" 32GB platinum gray y 2GB de memoria RAM",379,"[[...], [...], [...], [...], [...], [...], [...], [...], [...], [...], [...], [...], [...], [...], [...], [...], [...], [...], [...], [...], [...], [...], [...], [...], [...], [...], [...], [...], [...], [...], [...], [...], [...], [...], [...], [...], [...], [...], [...], [...], [...], [...], [...], [...], [...], [...], [...], [...], [...], [...], [...], [...], [...]]"
39,"Tablet Lenovo Tab M10 HD 2nd Gen TB-X306F 10.1"" 32GB platinum gray y 2GB de memoria RAM",379,"[[...], [...], [...], [...], [...], [...], [...], [...], [...], [...], [...], [...], [...], [...], [...], [...], [...], [...], [...], [...], [...], [...], [...], [...], [...], [...], [...], [...], [...], [...], [...], [...], [...], [...], [...], [...], [...], [...], [...], [...], [...], [...], [...], [...], [...], [...], [...], [...], [...], [...], [...], [...], [...]]"
40,"Tablet Lenovo Tab M10 HD 2nd Gen TB-X306F 10.1"" 32GB platinum gray y 2GB de memoria RAM",379,"[[...], [...], [...], [...], [...], [...], [...], [...], [...], [...], [...], [...], [...], [...], [...], [...], [...], [...], [...], [...], [...], [...], [...], [...], [...], [...], [...], [...], [...], [...], [...], [...], [...], [...], [...], [...], [...], [...], [...], [...], [...], [...], [...], [...], [...], [...], [...], [...], [...], [...], [...], [...], [...]]"
41,"Tablet Lenovo Tab M10 HD 2nd Gen TB-X306F 10.1"" 32GB platinum gray y 2GB de memoria RAM",379,"[[...], [...], [...], [...], [...], [...], [...], [...], [...], [...], [...], [...], [...], [...], [...], [...], [...], [...], [...], [...], [...], [...], [...], [...], [...], [...], [...], [...], [...], [...], [...], [...], [...], [...], [...], [...], [...], [...], [...], [...], [...], [...], [...], [...], [...], [...], [...], [...], [...], [...], [...], [...], [...]]"
42,"Tablet Lenovo Tab M10 HD 2nd Gen TB-X306F 10.1"" 32GB platinum gray y 2GB de memoria RAM",379,"[[...], [...], [...], [...], [...], [...], [...], [...], [...], [...], [...], [...], [...], [...], [...], [...], [...], [...], [...], [...], [...], [...], [...], [...], [...], [...], [...], [...], [...], [...], [...], [...], [...], [...], [...], [...], [...], [...], [...], [...], [...], [...], [...], [...], [...], [...], [...], [...], [...], [...], [...], [...], [...]]"
43,"Tablet Lenovo Tab M10 HD 2nd Gen TB-X306F 10.1"" 32GB platinum gray y 2GB de memoria RAM",379,"[[...], [...], [...], [...], [...], [...], [...], [...], [...], [...], [...], [...], [...], [...], [...], [...], [...], [...], [...], [...], [...], [...], [...], [...], [...], [...], [...], [...], [...], [...], [...], [...], [...], [...], [...], [...], [...], [...], [...], [...], [...], [...], [...], [...], [...], [...], [...], [...], [...], [...], [...], [...], [...]]"
44,"Tablet Lenovo Tab M10 HD 2nd Gen TB-X306F 10.1"" 32GB platinum gray y 2GB de memoria RAM",379,"[[...], [...], [...], [...], [...], [...], [...], [...], [...], [...], [...], [...], [...], [...], [...], [...], [...], [...], [...], [...], [...], [...], [...], [...], [...], [...], [...], [...], [...], [...], [...], [...], [...], [...], [...], [...], [...], [...], [...], [...], [...], [...], [...], [...], [...], [...], [...], [...], [...], [...], [...], [...], [...]]"
45,"Tablet Lenovo Tab M10 HD 2nd Gen TB-X306F 10.1"" 32GB platinum gray y 2GB de memoria RAM",379,"[[...], [...], [...], [...], [...], [...], [...], [...], [...], [...], [...], [...], [...], [...], [...], [...], [...], [...], [...], [...], [...], [...], [...], [...], [...], [...], [...], [...], [...], [...], [...], [...], [...], [...], [...], [...], [...], [...], [...], [...], [...], [...], [...], [...], [...], [...], [...], [...], [...], [...], [...], [...], [...]]"
46,"Tablet Lenovo Tab M10 HD 2nd Gen TB-X306F 10.1"" 32GB platinum gray y 2GB de memoria RAM",379,"[[...], [...], [...], [...], [...], [...], [...], [...], [...], [...], [...], [...], [...], [...], [...], [...], [...], [...], [...], [...], [...], [...], [...], [...], [...], [...], [...], [...], [...], [...], [...], [...], [...], [...], [...], [...], [...], [...], [...], [...], [...], [...], [...], [...], [...], [...], [...], [...], [...], [...], [...], [...], [...]]"
47,"Tablet Lenovo Tab M10 HD 2nd Gen TB-X306F 10.1"" 32GB platinum gray y 2GB de memoria RAM",379,"[[...], [...], [...], [...], [...], [...], [...], [...], [...], [...], [...], [...], [...], [...], [...], [...], [...], [...], [...], [...], [...], [...], [...], [...], [...], [...], [...], [...], [...], [...], [...], [...], [...], [...], [...], [...], [...], [...], [...], [...], [...], [...], [...], [...], [...], [...], [...], [...], [...], [...], [...], [...], [...]]"
48,"Tablet Lenovo Tab M10 HD 2nd Gen TB-X306F 10.1"" 32GB platinum gray y 2GB de memoria RAM",379,"[[...], [...], [...], [...], [...], [...], [...], [...], [...], [...], [...], [...], [...], [...], [...], [...], [...], [...], [...], [...], [...], [...], [...], [...], [...], [...], [...], [...], [...], [...], [...], [...], [...], [...], [...], [...], [...], [...], [...], [...], [...], [...], [...], [...], [...], [...], [...], [...], [...], [...], [...], [...], [...]]"
49,"Tablet Lenovo Tab M10 HD 2nd Gen TB-X306F 10.1"" 32GB platinum gray y 2GB de memoria RAM",379,"[[...], [...], [...], [...], [...], [...], [...], [...], [...], [...], [...], [...], [...], [...], [...], [...], [...], [...], [...], [...], [...], [...], [...], [...], [...], [...], [...], [...], [...], [...], [...], [...], [...], [...], [...], [...], [...], [...], [...], [...], [...], [...], [...], [...], [...], [...], [...], [...], [...], [...], [...], [...], [...]]"
50,"Tablet Lenovo Tab M10 HD 2nd Gen TB-X306F 10.1"" 32GB platinum gray y 2GB de memoria RAM",379,"[[...], [...], [...], [...], [...], [...], [...], [...], [...], [...], [...], [...], [...], [...], [...], [...], [...], [...], [...], [...], [...], [...], [...], [...], [...], [...], [...], [...], [...], [...], [...], [...], [...], [...], [...], [...], [...], [...], [...], [...], [...], [...], [...], [...], [...], [...], [...], [...], [...], [...], [...], [...], [...]]"
51,"Tablet Lenovo Tab M10 HD 2nd Gen TB-X306F 10.1"" 32GB platinum gray y 2GB de memoria RAM",379,"[[...], [...], [...], [...], [...], [...], [...], [...], [...], [...], [...], [...], [...], [...], [...], [...], [...], [...], [...], [...], [...], [...], [...], [...], [...], [...], [...], [...], [...], [...], [...], [...], [...], [...], [...], [...], [...], [...], [...], [...], [...], [...], [...], [...], [...], [...], [...], [...], [...], [...], [...], [...], [...]]"
52,"Tablet Lenovo Tab M10 HD 2nd Gen TB-X306F 10.1"" 32GB platinum gray y 2GB de memoria RAM",379,"[[...], [...], [...], [...], [...], [...], [...], [...], [...], [...], [...], [...], [...], [...], [...], [...], [...], [...], [...], [...], [...], [...], [...], [...], [...], [...], [...], [...], [...], [...], [...], [...], [...], [...], [...], [...], [...], [...], [...], [...], [...], [...], [...], [...], [...], [...], [...], [...], [...], [...], [...], [...], [...]]"
